Model,MAE,RMSE,MAPE,R2
M0_nls,19.2783736841859,35.147311152260606,13.142513393457017,-0.2628076229719887
M0_loglinear,21.16504397991157,37.77674821965348,14.3326641843515,-0.4588214010138263
M0_classical,21.636633741059747,38.00669037597056,14.766262350929674,-0.4766347628377492
