Layer,Count,VCR_Mean,MAE,RMSE,MAPE,R2
0 ≤ V/C < 0.6,575,0.11731924102872612,3.131342931490519,4.094378271176001,3.004836289551153,0.29177601524148145
