Layer,Count,VCR_Mean,MAE,RMSE,MAPE,R2
0 ≤ V/C < 0.6,634,0.116854117879257,21.121506623269873,37.75259310504945,14.293387405438137,-0.45695640553953054
