Layer,Count,VCR_Mean,MAE,RMSE,MAPE,R2
0 ≤ V/C < 0.6,634,0.116854117879257,21.636633741059747,38.00669037597056,14.766262350929674,-0.4766347628377492
