Layer,Count,VCR_Mean,MAE,RMSE,MAPE,R2
0 ≤ V/C < 0.6,634,0.116854117879257,20.498262944007717,34.95737269257467,14.722404063587877,-0.24919590539851555
