Layer,Count,VCR_Mean,MAE,RMSE,MAPE,R2
0 ≤ V/C < 0.6,634,0.116854117879257,21.310152054348126,37.051290855275276,15.342486674948388,-0.40332954628163353
