Layer,Count,VCR_Mean,MAE,RMSE,MAPE,R2
0 ≤ V/C < 0.6,634,0.116854117879257,20.69490992562721,35.739645639231256,14.75501940697981,-0.30573025387806485
