Layer,Count,VCR_Mean,MAE,RMSE,MAPE,R2
0 ≤ V/C < 0.6,575,0.11731924102872612,9.557441261217793,10.687612810540587,9.052597339324153,-3.82565341102503
