Layer,Count,VCR_Mean,MAE,RMSE,MAPE,R2
0 ≤ V/C < 0.6,575,0.11731924102872612,9.135059209646192,10.373086939325326,8.638321111752715,-3.545804337350404
