Layer,Count,VCR_Mean,MAE,RMSE,MAPE,R2
0 ≤ V/C < 0.6,575,0.11731924102872612,3.2244708168782727,4.290172652238136,3.1031843286628833,0.22242150105224157
