Layer,Count,VCR_Mean,MAE,RMSE,MAPE,R2
0 ≤ V/C < 0.6,575,0.11731924102872612,3.060317488710933,4.0486563840527925,2.9387170939119525,0.3075051608647157
