Layer,Count,VCR_Mean,MAE,RMSE,MAPE,R2
0 ≤ V/C < 0.6,575,0.11731924102872612,3.286508217438011,4.666835173632186,3.1705671519271124,0.07989026023652901
