Layer,Count,VCR_Mean,MAE,RMSE,MAPE,R2
0 ≤ V/C < 0.6,575,0.11731924102872612,3.2328475740773337,4.286700268810247,3.11456442649168,0.22367970589749797
