Layer,Count,VCR_Mean,MAE,RMSE,MAPE,R2
0 ≤ V/C < 0.6,634,0.116854117879257,19.244970805665243,35.120582196177686,13.116076028687301,-0.26088766415377473
