Layer,Count,VCR_Mean,MAE,RMSE,MAPE,R2
0 ≤ V/C < 0.6,634,0.116854117879257,21.42403017326489,37.33481060675226,15.471431059241528,-0.4248885208529012
