Layer,Count,VCR_Mean,MAE,RMSE,MAPE,R2
0 ≤ V/C < 0.6,634,0.116854117879257,14.922778368582046,33.15771853858536,9.053234763056283,-0.12388600683630835
