Layer,Count,VCR_Mean,MAE,RMSE,MAPE,R2
0 ≤ V/C < 0.6,575,0.11731924102872612,6.8994394453939565,8.540862657802386,6.542373941604075,-2.081755497767665
