Layer,Count,VCR_Mean,MAE,RMSE,MAPE,R2
0 ≤ V/C < 0.6,634,0.116854117879257,20.670520188792665,35.79740626512968,14.720295272871727,-0.3099541760920752
