Layer,Count,VCR_Mean,MAE,RMSE,MAPE,R2
0 ≤ V/C < 0.6,634,0.116854117879257,21.16504397991157,37.77674821965348,14.3326641843515,-0.4588214010138263
