Layer,Count,VCR_Mean,MAE,RMSE,MAPE,R2
0 ≤ V/C < 0.6,575,0.11731924102872612,3.63923012561707,4.752258787890346,3.504711027479034,0.045897864455437754
