Layer,Count,VCR_Mean,MAE,RMSE,MAPE,R2
0 ≤ V/C < 0.6,634,0.116854117879257,21.633691415314594,38.00507350305854,14.76359019795497,-0.47650912811710233
