Layer,Count,VCR_Mean,MAE,RMSE,MAPE,R2
0 ≤ V/C < 0.6,575,0.11731924102872612,9.084317364402342,10.34021528492352,8.588338081014244,-3.5170392559567043
