Layer,Count,VCR_Mean,MAE,RMSE,MAPE,R2
0 ≤ V/C < 0.6,634,0.116854117879257,20.67052018879266,35.79740626512967,14.720295272871727,-0.309954176092075
