Layer,Count,VCR_Mean,MAE,RMSE,MAPE,R2
0 ≤ V/C < 0.6,575,0.11731924102872612,3.7650614429854565,5.848764832462373,3.6310860915312264,-0.4451835920834606
