Layer,Count,VCR_Mean,MAE,RMSE,MAPE,R2
0 ≤ V/C < 0.6,634,0.116854117879257,19.2783736841859,35.147311152260606,13.142513393457017,-0.2628076229719887
