Layer,Count,VCR_Mean,MAE,RMSE,MAPE,R2
0 ≤ V/C < 0.6,575,0.11731924102872612,6.893592478188569,8.516375304341285,6.5391030224600115,-2.0641095389495807
