Layer,Count,VCR_Mean,MAE,RMSE,MAPE,R2
0 ≤ V/C < 0.6,634,0.116854117879257,19.240298964628725,35.07925932383701,13.116141465306317,-0.2579222891947084
