Layer,Count,VCR_Mean,MAE,RMSE,MAPE,R2
0 ≤ V/C < 0.6,634,0.116854117879257,60.768514444326456,133.2935603298726,51.82003709703855,-17.16231983391785
