Layer,Count,VCR_Mean,MAE,RMSE,MAPE,R2
0 ≤ V/C < 0.6,575,0.11731924102872612,3.2865082174380102,4.666835173632185,3.1705671519271124,0.07989026023652912
