Layer,Count,VCR_Mean,MAE,RMSE,MAPE,R2
0 ≤ V/C < 0.6,575,0.11731924102872612,6.926523562513715,8.5754008744314,6.566516999989746,-2.106730387341209
