Layer,Count,VCR_Mean,MAE,RMSE,MAPE,R2
0 ≤ V/C < 0.6,575,0.11731924102872612,3.2314122904461,4.22149564540142,3.1098951753837314,0.24711716761084712
