Layer,Count,VCR_Mean,MAE,RMSE,MAPE,R2
0 ≤ V/C < 0.6,634,0.116854117879257,20.461302143191944,34.97036652276429,14.680354918048474,-0.2501247427192732
