Layer,Count,VCR_Mean,MAE,RMSE,MAPE,R2
0 ≤ V/C < 0.6,634,0.116854117879257,21.064027010772804,37.72717181817389,14.240190742231556,-0.4549949383262044
