Layer,Count,VCR_Mean,MAE,RMSE,MAPE,R2
0 ≤ V/C < 0.6,575,0.11731924102872612,9.100847778502889,10.346678615952253,8.604917972827069,-3.5226879283749355
