Layer,Count,VCR_Mean,MAE,RMSE,MAPE,R2
0 ≤ V/C < 0.6,575,0.11731924102872612,9.554417425156371,10.685403536004154,9.049620416150637,-3.823658561195611
